Modèle,Accuracy,Precision,Recall,F1-Score,CV Mean,CV Std
Régression Logistique,0.8697478991596639,0.8676470588235294,0.9007633587786259,0.8838951310861424,0.8329512262331221,0.024272255288167493
KNN,0.8697478991596639,0.8731343283582089,0.8931297709923665,0.8830188679245283,0.829798842656379,0.01804340349940396
Arbre de Décision,0.8781512605042017,0.9180327868852459,0.8549618320610687,0.8853754940711462,0.8571011297878203,0.017713304096309952
Random Forest,0.9495798319327731,0.9407407407407408,0.9694656488549618,0.9548872180451128,0.9106861394323505,0.018941644798687336
KMeans,0.7899159663865546,0.813953488372093,0.8015267175572519,0.8076923076923077,,
