,mean,scale
age,53.86701868399675,9.327376046582147
resting bp s,131.73013809910643,18.333253001543987
cholesterol,209.0693744922827,98.09313068252325
max heart rate,139.64857839155158,24.862536372539733
oldpeak,0.9220649853888362,1.090542699717553
